"Step","t5_google_byt5-small_27-06-2023_14-10-24 - train/loss","t5_google_byt5-small_27-06-2023_14-10-24 - train/loss__MIN","t5_google_byt5-small_27-06-2023_14-10-24 - train/loss__MAX","mt5_google_mt5-small_27-06-2023_06-01-21 - train/loss","mt5_google_mt5-small_27-06-2023_06-01-21 - train/loss__MIN","mt5_google_mt5-small_27-06-2023_06-01-21 - train/loss__MAX","mt5_bigscience_mt0-small_27-06-2023_05-48-21 - train/loss","mt5_bigscience_mt0-small_27-06-2023_05-48-21 - train/loss__MIN","mt5_bigscience_mt0-small_27-06-2023_05-48-21 - train/loss__MAX","mbart_facebook_mbart-large-50-many-to-one-mmt_26-06-2023_05-32-15 - train/loss","mbart_facebook_mbart-large-50-many-to-one-mmt_26-06-2023_05-32-15 - train/loss__MIN","mbart_facebook_mbart-large-50-many-to-one-mmt_26-06-2023_05-32-15 - train/loss__MAX","mbart_facebook_mbart-large-50_26-06-2023_05-27-44 - train/loss","mbart_facebook_mbart-large-50_26-06-2023_05-27-44 - train/loss__MIN","mbart_facebook_mbart-large-50_26-06-2023_05-27-44 - train/loss__MAX","mbart_facebook_mbart-large-cc25_25-06-2023_18-25-53 - train/loss","mbart_facebook_mbart-large-cc25_25-06-2023_18-25-53 - train/loss__MIN","mbart_facebook_mbart-large-cc25_25-06-2023_18-25-53 - train/loss__MAX","mbart_facebook_mbart-large-50-many-to-many-mmt_25-06-2023_18-16-48 - train/loss","mbart_facebook_mbart-large-50-many-to-many-mmt_25-06-2023_18-16-48 - train/loss__MIN","mbart_facebook_mbart-large-50-many-to-many-mmt_25-06-2023_18-16-48 - train/loss__MAX","marian_Helsinki-NLP_opus-mt-en-mul_25-06-2023_18-12-08 - train/loss","marian_Helsinki-NLP_opus-mt-en-mul_25-06-2023_18-12-08 - train/loss__MIN","marian_Helsinki-NLP_opus-mt-en-mul_25-06-2023_18-12-08 - train/loss__MAX","marian_Helsinki-NLP_opus-mt-mul-en_23-06-2023_16-41-26 - train/loss","marian_Helsinki-NLP_opus-mt-mul-en_23-06-2023_16-41-26 - train/loss__MIN","marian_Helsinki-NLP_opus-mt-mul-en_23-06-2023_16-41-26 - train/loss__MAX","marian_Helsinki-NLP_opus-mt-zh-vi_23-06-2023_07-58-18 - train/loss","marian_Helsinki-NLP_opus-mt-zh-vi_23-06-2023_07-58-18 - train/loss__MIN","marian_Helsinki-NLP_opus-mt-zh-vi_23-06-2023_07-58-18 - train/loss__MAX"
"0","3.0671","3.0671","3.0671","7.3267","7.3267","7.3267","2.9681","2.9681","2.9681","1.8037","1.8037","1.8037","3.2814","3.2814","3.2814","3.9239","3.9239","3.9239","1.4446","1.4446","1.4446","1.8669","1.8669","1.8669","2.2035","2.2035","2.2035","1.3656","1.3656","1.3656"
"1","0.8693","0.8693","0.8693","1.2143","1.2143","1.2143","0.7969","0.7969","0.7969","0.4544","0.4544","0.4544","0.434","0.434","0.434","0.4561","0.4561","0.4561","0.3822","0.3822","0.3822","0.814","0.814","0.814","0.927","0.927","0.927","0.8727","0.8727","0.8727"
"2","0.8308","0.8308","0.8308","1.1094","1.1094","1.1094","0.7858","0.7858","0.7858","0.4205","0.4205","0.4205","0.3904","0.3904","0.3904","0.4132","0.4132","0.4132","0.3635","0.3635","0.3635","0.7768","0.7768","0.7768","0.823","0.823","0.823","0.8395","0.8395","0.8395"
"3","0.8075","0.8075","0.8075","1.0139","1.0139","1.0139","0.7155","0.7155","0.7155","0.3952","0.3952","0.3952","0.367","0.367","0.367","0.3859","0.3859","0.3859","0.3466","0.3466","0.3466","0.7495","0.7495","0.7495","0.7559","0.7559","0.7559","0.8175","0.8175","0.8175"
"4","0.7902","0.7902","0.7902","1.0209","1.0209","1.0209","0.721","0.721","0.721","0.3859","0.3859","0.3859","0.3625","0.3625","0.3625","0.3756","0.3756","0.3756","0.3413","0.3413","0.3413","0.7379","0.7379","0.7379","0.7261","0.7261","0.7261","0.8098","0.8098","0.8098"
"5","0.7778","0.7778","0.7778","1.0136","1.0136","1.0136","0.7136","0.7136","0.7136","","","","","","","","","","","","","0.703","0.703","0.703","0.6797","0.6797","0.6797","0.7789","0.7789","0.7789"
"6","0.7723","0.7723","0.7723","1.0323","1.0323","1.0323","0.744","0.744","0.744","","","","","","","","","","","","","0.6813","0.6813","0.6813","0.6524","0.6524","0.6524","0.7605","0.7605","0.7605"
"7","0.7623","0.7623","0.7623","1.0303","1.0303","1.0303","0.7543","0.7543","0.7543","","","","","","","","","","","","","0.6929","0.6929","0.6929","0.6586","0.6586","0.6586","0.7727","0.7727","0.7727"
"8","0.7568","0.7568","0.7568","0.94","0.94","0.94","0.7005","0.7005","0.7005","","","","","","","","","","","","","0.6708","0.6708","0.6708","0.6248","0.6248","0.6248","0.7446","0.7446","0.7446"
"9","0.7495","0.7495","0.7495","0.9215","0.9215","0.9215","0.7044","0.7044","0.7044","","","","","","","","","","","","","0.6553","0.6553","0.6553","0.6103","0.6103","0.6103","0.7316","0.7316","0.7316"
"10","0.7504","0.7504","0.7504","0.8859","0.8859","0.8859","0.6855","0.6855","0.6855","","","","","","","","","","","","","0.6554","0.6554","0.6554","0.609","0.609","0.609","0.7395","0.7395","0.7395"
"11","","","","0.8614","0.8614","0.8614","0.6717","0.6717","0.6717","","","","","","","","","","","","","0.634","0.634","0.634","0.5905","0.5905","0.5905","0.7186","0.7186","0.7186"
"12","","","","0.8917","0.8917","0.8917","0.697","0.697","0.697","","","","","","","","","","","","","0.6364","0.6364","0.6364","0.5914","0.5914","0.5914","0.7239","0.7239","0.7239"
"13","","","","0.8829","0.8829","0.8829","0.6951","0.6951","0.6951","","","","","","","","","","","","","0.6282","0.6282","0.6282","0.5841","0.5841","0.5841","0.7147","0.7147","0.7147"
"14","","","","0.8276","0.8276","0.8276","0.6548","0.6548","0.6548","","","","","","","","","","","","","0.6169","0.6169","0.6169","0.5731","0.5731","0.5731","0.7075","0.7075","0.7075"
"15","","","","0.8723","0.8723","0.8723","0.6878","0.6878","0.6878","","","","","","","","","","","","","0.6072","0.6072","0.6072","0.5645","0.5645","0.5645","0.6968","0.6968","0.6968"
"16","","","","0.8446","0.8446","0.8446","0.6705","0.6705","0.6705","","","","","","","","","","","","","0.6049","0.6049","0.6049","0.5615","0.5615","0.5615","0.6969","0.6969","0.6969"
"17","","","","0.8231","0.8231","0.8231","0.6589","0.6589","0.6589","","","","","","","","","","","","","0.6064","0.6064","0.6064","0.5629","0.5629","0.5629","0.6993","0.6993","0.6993"
"18","","","","0.8254","0.8254","0.8254","0.6593","0.6593","0.6593","","","","","","","","","","","","","0.6014","0.6014","0.6014","0.556","0.556","0.556","0.6944","0.6944","0.6944"
"19","","","","0.8308","0.8308","0.8308","0.6656","0.6656","0.6656","","","","","","","","","","","","","0.5985","0.5985","0.5985","0.5543","0.5543","0.5543","0.6919","0.6919","0.6919"
"20","","","","0.8463","0.8463","0.8463","0.6802","0.6802","0.6802","","","","","","","","","","","","","0.5955","0.5955","0.5955","0.5522","0.5522","0.5522","0.6918","0.6918","0.6918"
"21","","","","0.8227","0.8227","0.8227","0.6629","0.6629","0.6629","","","","","","","","","","","","","0.5882","0.5882","0.5882","0.5442","0.5442","0.5442","0.682","0.682","0.682"
"22","","","","0.8292","0.8292","0.8292","0.6646","0.6646","0.6646","","","","","","","","","","","","","0.5862","0.5862","0.5862","0.5427","0.5427","0.5427","0.6817","0.6817","0.6817"
"23","","","","0.7572","0.7572","0.7572","0.6024","0.6024","0.6024","","","","","","","","","","","","","0.5717","0.5717","0.5717","0.5303","0.5303","0.5303","0.6676","0.6676","0.6676"
"24","","","","0.796","0.796","0.796","0.639","0.639","0.639","","","","","","","","","","","","","0.5729","0.5729","0.5729","0.5304","0.5304","0.5304","0.6677","0.6677","0.6677"
"25","","","","0.8013","0.8013","0.8013","0.6444","0.6444","0.6444","","","","","","","","","","","","","0.5686","0.5686","0.5686","0.5244","0.5244","0.5244","0.6627","0.6627","0.6627"
"26","","","","0.8016","0.8016","0.8016","0.6499","0.6499","0.6499","","","","","","","","","","","","","0.5559","0.5559","0.5559","0.5148","0.5148","0.5148","0.6492","0.6492","0.6492"
"27","","","","0.7726","0.7726","0.7726","0.6245","0.6245","0.6245","","","","","","","","","","","","","0.5523","0.5523","0.5523","0.5114","0.5114","0.5114","0.6487","0.6487","0.6487"
"28","","","","0.772","0.772","0.772","0.6211","0.6211","0.6211","","","","","","","","","","","","","0.5553","0.5553","0.5553","0.5162","0.5162","0.5162","0.6524","0.6524","0.6524"
"29","","","","0.8074","0.8074","0.8074","0.65","0.65","0.65","","","","","","","","","","","","","0.5455","0.5455","0.5455","0.5054","0.5054","0.5054","0.6393","0.6393","0.6393"
"30","","","","0.795","0.795","0.795","0.6456","0.6456","0.6456","","","","","","","","","","","","","0.5525","0.5525","0.5525","0.5105","0.5105","0.5105","0.6467","0.6467","0.6467"
"31","","","","0.7983","0.7983","0.7983","0.6469","0.6469","0.6469","","","","","","","","","","","","","0.5429","0.5429","0.5429","0.5013","0.5013","0.5013","0.6365","0.6365","0.6365"
"32","","","","0.794","0.794","0.794","0.6373","0.6373","0.6373","","","","","","","","","","","","","0.5457","0.5457","0.5457","0.5024","0.5024","0.5024","0.6387","0.6387","0.6387"
"33","","","","0.7933","0.7933","0.7933","0.6406","0.6406","0.6406","","","","","","","","","","","","","0.5412","0.5412","0.5412","0.5001","0.5001","0.5001","0.6348","0.6348","0.6348"
"34","","","","0.7718","0.7718","0.7718","0.6228","0.6228","0.6228","","","","","","","","","","","","","0.5408","0.5408","0.5408","0.5013","0.5013","0.5013","0.6333","0.6333","0.6333"
"35","","","","0.7954","0.7954","0.7954","0.6426","0.6426","0.6426","","","","","","","","","","","","","0.5373","0.5373","0.5373","0.4976","0.4976","0.4976","0.6318","0.6318","0.6318"
"36","","","","0.7623","0.7623","0.7623","0.6196","0.6196","0.6196","","","","","","","","","","","","","0.5352","0.5352","0.5352","0.4937","0.4937","0.4937","0.625","0.625","0.625"
"37","","","","0.783","0.783","0.783","0.6332","0.6332","0.6332","","","","","","","","","","","","","0.5293","0.5293","0.5293","0.4895","0.4895","0.4895","0.6185","0.6185","0.6185"
"38","","","","0.756","0.756","0.756","0.6124","0.6124","0.6124","","","","","","","","","","","","","0.5334","0.5334","0.5334","0.4933","0.4933","0.4933","0.6259","0.6259","0.6259"
"39","","","","0.7622","0.7622","0.7622","0.6217","0.6217","0.6217","","","","","","","","","","","","","0.5216","0.5216","0.5216","0.4839","0.4839","0.4839","0.611","0.611","0.611"
"40","","","","0.7195","0.7195","0.7195","0.5893","0.5893","0.5893","","","","","","","","","","","","","0.5262","0.5262","0.5262","0.4875","0.4875","0.4875","0.6182","0.6182","0.6182"
"41","","","","0.7348","0.7348","0.7348","0.6094","0.6094","0.6094","","","","","","","","","","","","","0.5238","0.5238","0.5238","0.4853","0.4853","0.4853","0.6129","0.6129","0.6129"
"42","","","","0.7246","0.7246","0.7246","0.5993","0.5993","0.5993","","","","","","","","","","","","","0.5223","0.5223","0.5223","0.4827","0.4827","0.4827","0.6121","0.6121","0.6121"
"43","","","","0.7471","0.7471","0.7471","0.6192","0.6192","0.6192","","","","","","","","","","","","","0.5257","0.5257","0.5257","0.4864","0.4864","0.4864","0.6136","0.6136","0.6136"
"44","","","","0.7311","0.7311","0.7311","0.6121","0.6121","0.6121","","","","","","","","","","","","","0.5173","0.5173","0.5173","0.4809","0.4809","0.4809","0.6043","0.6043","0.6043"
"45","","","","0.7104","0.7104","0.7104","0.597","0.597","0.597","","","","","","","","","","","","","0.521","0.521","0.521","0.4852","0.4852","0.4852","0.6082","0.6082","0.6082"
"46","","","","0.7016","0.7016","0.7016","0.5916","0.5916","0.5916","","","","","","","","","","","","","0.5056","0.5056","0.5056","0.4683","0.4683","0.4683","0.5928","0.5928","0.5928"
"47","","","","0.7255","0.7255","0.7255","0.6097","0.6097","0.6097","","","","","","","","","","","","","0.4977","0.4977","0.4977","0.4571","0.4571","0.4571","0.5891","0.5891","0.5891"
"48","","","","0.7136","0.7136","0.7136","0.602","0.602","0.602","","","","","","","","","","","","","0.4965","0.4965","0.4965","0.4566","0.4566","0.4566","0.5868","0.5868","0.5868"
"49","","","","0.6982","0.6982","0.6982","0.5962","0.5962","0.5962","","","","","","","","","","","","","0.4992","0.4992","0.4992","0.4604","0.4604","0.4604","0.5887","0.5887","0.5887"
"50","","","","0.7009","0.7009","0.7009","0.5958","0.5958","0.5958","","","","","","","","","","","","","0.5023","0.5023","0.5023","0.4627","0.4627","0.4627","0.5927","0.5927","0.5927"
"51","","","","0.666","0.666","0.666","0.5659","0.5659","0.5659","","","","","","","","","","","","","0.4962","0.4962","0.4962","0.4547","0.4547","0.4547","0.5847","0.5847","0.5847"
"52","","","","0.6893","0.6893","0.6893","0.5912","0.5912","0.5912","","","","","","","","","","","","","0.4912","0.4912","0.4912","0.4531","0.4531","0.4531","0.5806","0.5806","0.5806"
"53","","","","0.6672","0.6672","0.6672","0.5742","0.5742","0.5742","","","","","","","","","","","","","0.4913","0.4913","0.4913","0.4521","0.4521","0.4521","0.5781","0.5781","0.5781"
"54","","","","0.6884","0.6884","0.6884","0.5955","0.5955","0.5955","","","","","","","","","","","","","0.4918","0.4918","0.4918","0.4516","0.4516","0.4516","0.5768","0.5768","0.5768"
"55","","","","0.6793","0.6793","0.6793","0.5894","0.5894","0.5894","","","","","","","","","","","","","0.4972","0.4972","0.4972","0.4581","0.4581","0.4581","0.5842","0.5842","0.5842"
"56","","","","0.6974","0.6974","0.6974","0.6025","0.6025","0.6025","","","","","","","","","","","","","0.4921","0.4921","0.4921","0.4525","0.4525","0.4525","0.5789","0.5789","0.5789"
"57","","","","0.6785","0.6785","0.6785","0.5895","0.5895","0.5895","","","","","","","","","","","","","0.4864","0.4864","0.4864","0.4473","0.4473","0.4473","0.5715","0.5715","0.5715"
"58","","","","0.6979","0.6979","0.6979","0.6087","0.6087","0.6087","","","","","","","","","","","","","0.4873","0.4873","0.4873","0.4493","0.4493","0.4493","0.5704","0.5704","0.5704"
"59","","","","0.6776","0.6776","0.6776","0.5906","0.5906","0.5906","","","","","","","","","","","","","0.4895","0.4895","0.4895","0.4494","0.4494","0.4494","0.5736","0.5736","0.5736"
"60","","","","0.7086","0.7086","0.7086","0.6227","0.6227","0.6227","","","","","","","","","","","","","0.4792","0.4792","0.4792","0.4436","0.4436","0.4436","0.561","0.561","0.561"
"61","","","","0.6714","0.6714","0.6714","0.5869","0.5869","0.5869","","","","","","","","","","","","","0.4787","0.4787","0.4787","0.4414","0.4414","0.4414","0.5606","0.5606","0.5606"
"62","","","","0.6826","0.6826","0.6826","0.6022","0.6022","0.6022","","","","","","","","","","","","","0.4851","0.4851","0.4851","0.4483","0.4483","0.4483","0.5677","0.5677","0.5677"
"63","","","","0.6779","0.6779","0.6779","0.5921","0.5921","0.5921","","","","","","","","","","","","","0.4782","0.4782","0.4782","0.4404","0.4404","0.4404","0.5577","0.5577","0.5577"
"64","","","","0.6605","0.6605","0.6605","0.5848","0.5848","0.5848","","","","","","","","","","","","","0.4847","0.4847","0.4847","0.4464","0.4464","0.4464","0.5639","0.5639","0.5639"
"65","","","","0.653","0.653","0.653","0.5755","0.5755","0.5755","","","","","","","","","","","","","0.4732","0.4732","0.4732","0.4364","0.4364","0.4364","0.5527","0.5527","0.5527"
"66","","","","0.6441","0.6441","0.6441","0.5682","0.5682","0.5682","","","","","","","","","","","","","0.4788","0.4788","0.4788","0.4397","0.4397","0.4397","0.5577","0.5577","0.5577"
"67","","","","0.6522","0.6522","0.6522","0.5791","0.5791","0.5791","","","","","","","","","","","","","0.4811","0.4811","0.4811","0.4431","0.4431","0.4431","0.5634","0.5634","0.5634"
"68","","","","0.6445","0.6445","0.6445","0.5688","0.5688","0.5688","","","","","","","","","","","","","0.4754","0.4754","0.4754","0.4395","0.4395","0.4395","0.5541","0.5541","0.5541"
"69","","","","0.6308","0.6308","0.6308","0.5598","0.5598","0.5598","","","","","","","","","","","","","0.4743","0.4743","0.4743","0.4379","0.4379","0.4379","0.551","0.551","0.551"
"70","","","","0.6377","0.6377","0.6377","0.5649","0.5649","0.5649","","","","","","","","","","","","","0.4751","0.4751","0.4751","0.4385","0.4385","0.4385","0.5543","0.5543","0.5543"
"71","","","","0.6561","0.6561","0.6561","0.5801","0.5801","0.5801","","","","","","","","","","","","","0.4787","0.4787","0.4787","0.441","0.441","0.441","0.5558","0.5558","0.5558"
"72","","","","0.6417","0.6417","0.6417","0.5701","0.5701","0.5701","","","","","","","","","","","","","0.477","0.477","0.477","0.4383","0.4383","0.4383","0.5538","0.5538","0.5538"
"73","","","","0.6209","0.6209","0.6209","0.551","0.551","0.551","","","","","","","","","","","","","0.463","0.463","0.463","0.4268","0.4268","0.4268","0.5353","0.5353","0.5353"
"74","","","","0.633","0.633","0.633","0.5673","0.5673","0.5673","","","","","","","","","","","","","0.4817","0.4817","0.4817","0.4437","0.4437","0.4437","0.5611","0.5611","0.5611"
"75","","","","0.6329","0.6329","0.6329","0.5645","0.5645","0.5645","","","","","","","","","","","","","0.4709","0.4709","0.4709","0.4342","0.4342","0.4342","0.5449","0.5449","0.5449"
"76","","","","0.623","0.623","0.623","0.5613","0.5613","0.5613","","","","","","","","","","","","","0.4761","0.4761","0.4761","0.4374","0.4374","0.4374","0.5511","0.5511","0.5511"
"77","","","","0.6323","0.6323","0.6323","0.5668","0.5668","0.5668","","","","","","","","","","","","","0.4735","0.4735","0.4735","0.4367","0.4367","0.4367","0.5461","0.5461","0.5461"
"78","","","","0.6307","0.6307","0.6307","0.5652","0.5652","0.5652","","","","","","","","","","","","","0.4728","0.4728","0.4728","0.4352","0.4352","0.4352","0.5479","0.5479","0.5479"
"79","","","","0.6326","0.6326","0.6326","0.5641","0.5641","0.5641","","","","","","","","","","","","","0.4757","0.4757","0.4757","0.4393","0.4393","0.4393","0.5536","0.5536","0.5536"
"80","","","","0.6396","0.6396","0.6396","0.576","0.576","0.576","","","","","","","","","","","","","0.4631","0.4631","0.4631","0.4275","0.4275","0.4275","0.5354","0.5354","0.5354"
"81","","","","0.6283","0.6283","0.6283","0.565","0.565","0.565","","","","","","","","","","","","","0.468","0.468","0.468","0.4319","0.4319","0.4319","0.5416","0.5416","0.5416"
"82","","","","0.6417","0.6417","0.6417","0.5762","0.5762","0.5762","","","","","","","","","","","","","0.4702","0.4702","0.4702","0.4334","0.4334","0.4334","0.5443","0.5443","0.5443"
"83","","","","0.64","0.64","0.64","0.5767","0.5767","0.5767","","","","","","","","","","","","","0.4722","0.4722","0.4722","0.4351","0.4351","0.4351","0.546","0.546","0.546"
"84","","","","0.6226","0.6226","0.6226","0.5589","0.5589","0.5589","","","","","","","","","","","","","0.4683","0.4683","0.4683","0.4315","0.4315","0.4315","0.5396","0.5396","0.5396"
"85","","","","0.6269","0.6269","0.6269","0.5641","0.5641","0.5641","","","","","","","","","","","","","0.4665","0.4665","0.4665","0.4311","0.4311","0.4311","0.5381","0.5381","0.5381"
"86","","","","0.6249","0.6249","0.6249","0.564","0.564","0.564","","","","","","","","","","","","","0.4643","0.4643","0.4643","0.4277","0.4277","0.4277","0.5336","0.5336","0.5336"
"87","","","","0.6242","0.6242","0.6242","0.5616","0.5616","0.5616","","","","","","","","","","","","","0.4616","0.4616","0.4616","0.4256","0.4256","0.4256","0.5316","0.5316","0.5316"
"88","","","","0.6193","0.6193","0.6193","0.5591","0.5591","0.5591","","","","","","","","","","","","","0.4616","0.4616","0.4616","0.4244","0.4244","0.4244","0.5314","0.5314","0.5314"
"89","","","","0.6211","0.6211","0.6211","0.5636","0.5636","0.5636","","","","","","","","","","","","","0.4569","0.4569","0.4569","0.4226","0.4226","0.4226","0.5289","0.5289","0.5289"
"90","","","","0.6068","0.6068","0.6068","0.5499","0.5499","0.5499","","","","","","","","","","","","","0.4573","0.4573","0.4573","0.4208","0.4208","0.4208","0.5256","0.5256","0.5256"
"91","","","","0.5943","0.5943","0.5943","0.54","0.54","0.54","","","","","","","","","","","","","0.4548","0.4548","0.4548","0.4186","0.4186","0.4186","0.5224","0.5224","0.5224"
"92","","","","0.6042","0.6042","0.6042","0.5475","0.5475","0.5475","","","","","","","","","","","","","0.4538","0.4538","0.4538","0.4191","0.4191","0.4191","0.5211","0.5211","0.5211"
"93","","","","0.578","0.578","0.578","0.525","0.525","0.525","","","","","","","","","","","","","0.4578","0.4578","0.4578","0.4207","0.4207","0.4207","0.5267","0.5267","0.5267"
"94","","","","0.6114","0.6114","0.6114","0.5569","0.5569","0.5569","","","","","","","","","","","","","0.448","0.448","0.448","0.4086","0.4086","0.4086","0.5188","0.5188","0.5188"
"95","","","","0.6247","0.6247","0.6247","0.5685","0.5685","0.5685","","","","","","","","","","","","","0.4374","0.4374","0.4374","0.4006","0.4006","0.4006","0.5048","0.5048","0.5048"
"96","","","","0.5979","0.5979","0.5979","0.5432","0.5432","0.5432","","","","","","","","","","","","","0.4389","0.4389","0.4389","0.4026","0.4026","0.4026","0.5075","0.5075","0.5075"
"97","","","","0.6167","0.6167","0.6167","0.5625","0.5625","0.5625","","","","","","","","","","","","","0.4316","0.4316","0.4316","0.3967","0.3967","0.3967","0.4986","0.4986","0.4986"
"98","","","","0.6302","0.6302","0.6302","0.574","0.574","0.574","","","","","","","","","","","","","0.4402","0.4402","0.4402","0.403","0.403","0.403","0.508","0.508","0.508"
"99","","","","0.6091","0.6091","0.6091","0.5568","0.5568","0.5568","","","","","","","","","","","","","0.4435","0.4435","0.4435","0.4055","0.4055","0.4055","0.5118","0.5118","0.5118"
"100","","","","0.5988","0.5988","0.5988","0.5418","0.5418","0.5418","","","","","","","","","","","","","0.4405","0.4405","0.4405","0.4042","0.4042","0.4042","0.5079","0.5079","0.5079"
"101","","","","0.6026","0.6026","0.6026","0.5517","0.5517","0.5517","","","","","","","","","","","","","0.4394","0.4394","0.4394","0.4036","0.4036","0.4036","0.5059","0.5059","0.5059"
"102","","","","0.5956","0.5956","0.5956","0.5428","0.5428","0.5428","","","","","","","","","","","","","0.4342","0.4342","0.4342","0.3968","0.3968","0.3968","0.4998","0.4998","0.4998"
"103","","","","0.6123","0.6123","0.6123","0.5577","0.5577","0.5577","","","","","","","","","","","","","0.4472","0.4472","0.4472","0.41","0.41","0.41","0.5158","0.5158","0.5158"
"104","","","","0.5999","0.5999","0.5999","0.5489","0.5489","0.5489","","","","","","","","","","","","","0.4406","0.4406","0.4406","0.404","0.404","0.404","0.5077","0.5077","0.5077"
"105","","","","0.6114","0.6114","0.6114","0.5589","0.5589","0.5589","","","","","","","","","","","","","0.437","0.437","0.437","0.4002","0.4002","0.4002","0.5032","0.5032","0.5032"
"106","","","","0.5984","0.5984","0.5984","0.5468","0.5468","0.5468","","","","","","","","","","","","","0.4389","0.4389","0.4389","0.4014","0.4014","0.4014","0.5038","0.5038","0.5038"
"107","","","","0.5961","0.5961","0.5961","0.5477","0.5477","0.5477","","","","","","","","","","","","","0.433","0.433","0.433","0.397","0.397","0.397","0.4977","0.4977","0.4977"
"108","","","","0.5943","0.5943","0.5943","0.5454","0.5454","0.5454","","","","","","","","","","","","","0.4396","0.4396","0.4396","0.4014","0.4014","0.4014","0.5045","0.5045","0.5045"
"109","","","","0.5834","0.5834","0.5834","0.5346","0.5346","0.5346","","","","","","","","","","","","","0.4329","0.4329","0.4329","0.396","0.396","0.396","0.4959","0.4959","0.4959"
"110","","","","0.5992","0.5992","0.5992","0.5491","0.5491","0.5491","","","","","","","","","","","","","0.4401","0.4401","0.4401","0.4027","0.4027","0.4027","0.5077","0.5077","0.5077"
"111","","","","0.5975","0.5975","0.5975","0.5504","0.5504","0.5504","","","","","","","","","","","","","0.4399","0.4399","0.4399","0.4028","0.4028","0.4028","0.5023","0.5023","0.5023"
"112","","","","0.5673","0.5673","0.5673","0.5217","0.5217","0.5217","","","","","","","","","","","","","0.4422","0.4422","0.4422","0.4064","0.4064","0.4064","0.5077","0.5077","0.5077"
"113","","","","0.6001","0.6001","0.6001","0.5524","0.5524","0.5524","","","","","","","","","","","","","0.4387","0.4387","0.4387","0.4024","0.4024","0.4024","0.5017","0.5017","0.5017"
"114","","","","0.6085","0.6085","0.6085","0.5598","0.5598","0.5598","","","","","","","","","","","","","0.4279","0.4279","0.4279","0.3938","0.3938","0.3938","0.4904","0.4904","0.4904"
"115","","","","0.5577","0.5577","0.5577","0.5139","0.5139","0.5139","","","","","","","","","","","","","0.4349","0.4349","0.4349","0.3987","0.3987","0.3987","0.4988","0.4988","0.4988"
"116","","","","0.5876","0.5876","0.5876","0.5363","0.5363","0.5363","","","","","","","","","","","","","0.4399","0.4399","0.4399","0.4022","0.4022","0.4022","0.5038","0.5038","0.5038"
"117","","","","0.6107","0.6107","0.6107","0.5633","0.5633","0.5633","","","","","","","","","","","","","0.436","0.436","0.436","0.3995","0.3995","0.3995","0.5002","0.5002","0.5002"
"118","","","","0.5756","0.5756","0.5756","0.5262","0.5262","0.5262","","","","","","","","","","","","","0.4376","0.4376","0.4376","0.4008","0.4008","0.4008","0.4999","0.4999","0.4999"
"119","","","","0.5841","0.5841","0.5841","0.5404","0.5404","0.5404","","","","","","","","","","","","","0.4398","0.4398","0.4398","0.4036","0.4036","0.4036","0.5025","0.5025","0.5025"
"120","","","","0.5766","0.5766","0.5766","0.5343","0.5343","0.5343","","","","","","","","","","","","","0.4304","0.4304","0.4304","0.3945","0.3945","0.3945","0.4917","0.4917","0.4917"
"121","","","","0.5897","0.5897","0.5897","0.5435","0.5435","0.5435","","","","","","","","","","","","","0.4369","0.4369","0.4369","0.3996","0.3996","0.3996","0.4987","0.4987","0.4987"
"122","","","","0.5787","0.5787","0.5787","0.5315","0.5315","0.5315","","","","","","","","","","","","","0.4299","0.4299","0.4299","0.3942","0.3942","0.3942","0.492","0.492","0.492"
"123","","","","0.5814","0.5814","0.5814","0.5369","0.5369","0.5369","","","","","","","","","","","","","0.4352","0.4352","0.4352","0.4001","0.4001","0.4001","0.4961","0.4961","0.4961"
"124","","","","0.5679","0.5679","0.5679","0.5226","0.5226","0.5226","","","","","","","","","","","","","0.436","0.436","0.436","0.3997","0.3997","0.3997","0.4979","0.4979","0.4979"
"125","","","","0.5731","0.5731","0.5731","0.5318","0.5318","0.5318","","","","","","","","","","","","","0.4218","0.4218","0.4218","0.387","0.387","0.387","0.4815","0.4815","0.4815"
"126","","","","0.5462","0.5462","0.5462","0.5043","0.5043","0.5043","","","","","","","","","","","","","0.4351","0.4351","0.4351","0.3989","0.3989","0.3989","0.4983","0.4983","0.4983"
"127","","","","0.5928","0.5928","0.5928","0.5497","0.5497","0.5497","","","","","","","","","","","","","0.432","0.432","0.432","0.396","0.396","0.396","0.4913","0.4913","0.4913"
"128","","","","0.5657","0.5657","0.5657","0.5239","0.5239","0.5239","","","","","","","","","","","","","0.4273","0.4273","0.4273","0.3925","0.3925","0.3925","0.4862","0.4862","0.4862"
"129","","","","0.5674","0.5674","0.5674","0.5237","0.5237","0.5237","","","","","","","","","","","","","0.4293","0.4293","0.4293","0.3937","0.3937","0.3937","0.4898","0.4898","0.4898"
"130","","","","0.563","0.563","0.563","0.5221","0.5221","0.5221","","","","","","","","","","","","","0.425","0.425","0.425","0.3894","0.3894","0.3894","0.4863","0.4863","0.4863"
"131","","","","0.5939","0.5939","0.5939","0.5497","0.5497","0.5497","","","","","","","","","","","","","0.4287","0.4287","0.4287","0.3938","0.3938","0.3938","0.4913","0.4913","0.4913"
"132","","","","0.5842","0.5842","0.5842","0.5414","0.5414","0.5414","","","","","","","","","","","","","0.4243","0.4243","0.4243","0.3893","0.3893","0.3893","0.4855","0.4855","0.4855"
"133","","","","0.5636","0.5636","0.5636","0.5247","0.5247","0.5247","","","","","","","","","","","","","0.4329","0.4329","0.4329","0.3977","0.3977","0.3977","0.4931","0.4931","0.4931"
"134","","","","0.58","0.58","0.58","0.5345","0.5345","0.5345","","","","","","","","","","","","","0.4283","0.4283","0.4283","0.3934","0.3934","0.3934","0.488","0.488","0.488"
"135","","","","0.5538","0.5538","0.5538","0.5157","0.5157","0.5157","","","","","","","","","","","","","0.4262","0.4262","0.4262","0.3909","0.3909","0.3909","0.4851","0.4851","0.4851"
"136","","","","0.565","0.565","0.565","0.5226","0.5226","0.5226","","","","","","","","","","","","","0.429","0.429","0.429","0.3933","0.3933","0.3933","0.4867","0.4867","0.4867"
"137","","","","0.5889","0.5889","0.5889","0.5458","0.5458","0.5458","","","","","","","","","","","","","0.4258","0.4258","0.4258","0.3906","0.3906","0.3906","0.4834","0.4834","0.4834"
"138","","","","0.5673","0.5673","0.5673","0.5274","0.5274","0.5274","","","","","","","","","","","","","0.4255","0.4255","0.4255","0.3896","0.3896","0.3896","0.484","0.484","0.484"
"139","","","","0.5808","0.5808","0.5808","0.538","0.538","0.538","","","","","","","","","","","","","0.4244","0.4244","0.4244","0.3891","0.3891","0.3891","0.4832","0.4832","0.4832"
"140","","","","0.5615","0.5615","0.5615","0.5198","0.5198","0.5198","","","","","","","","","","","","","0.43","0.43","0.43","0.3934","0.3934","0.3934","0.49","0.49","0.49"
"141","","","","0.5751","0.5751","0.5751","0.5346","0.5346","0.5346","","","","","","","","","","","","","0.4128","0.4128","0.4128","0.3748","0.3748","0.3748","0.4732","0.4732","0.4732"
"142","","","","0.5531","0.5531","0.5531","0.5148","0.5148","0.5148","","","","","","","","","","","","","0.4087","0.4087","0.4087","0.3735","0.3735","0.3735","0.4697","0.4697","0.4697"
"143","","","","0.5779","0.5779","0.5779","0.5395","0.5395","0.5395","","","","","","","","","","","","","0.4161","0.4161","0.4161","0.379","0.379","0.379","0.4764","0.4764","0.4764"
"144","","","","0.5656","0.5656","0.5656","0.526","0.526","0.526","","","","","","","","","","","","","0.4038","0.4038","0.4038","0.3679","0.3679","0.3679","0.4626","0.4626","0.4626"
"145","","","","0.5716","0.5716","0.5716","0.5306","0.5306","0.5306","","","","","","","","","","","","","0.4038","0.4038","0.4038","0.3696","0.3696","0.3696","0.463","0.463","0.463"
"146","","","","0.582","0.582","0.582","0.5405","0.5405","0.5405","","","","","","","","","","","","","0.4144","0.4144","0.4144","0.3757","0.3757","0.3757","0.4719","0.4719","0.4719"
"147","","","","0.5735","0.5735","0.5735","0.5358","0.5358","0.5358","","","","","","","","","","","","","0.4087","0.4087","0.4087","0.3733","0.3733","0.3733","0.468","0.468","0.468"
"148","","","","0.5472","0.5472","0.5472","0.5105","0.5105","0.5105","","","","","","","","","","","","","0.4083","0.4083","0.4083","0.372","0.372","0.372","0.4673","0.4673","0.4673"
"149","","","","0.555","0.555","0.555","0.5201","0.5201","0.5201","","","","","","","","","","","","","0.4118","0.4118","0.4118","0.3757","0.3757","0.3757","0.4692","0.4692","0.4692"
"150","","","","0.5803","0.5803","0.5803","0.5389","0.5389","0.5389","","","","","","","","","","","","","0.4158","0.4158","0.4158","0.3789","0.3789","0.3789","0.4748","0.4748","0.4748"
"151","","","","0.5456","0.5456","0.5456","0.5107","0.5107","0.5107","","","","","","","","","","","","","0.4139","0.4139","0.4139","0.3778","0.3778","0.3778","0.4709","0.4709","0.4709"
"152","","","","0.5556","0.5556","0.5556","0.5172","0.5172","0.5172","","","","","","","","","","","","","0.4089","0.4089","0.4089","0.3731","0.3731","0.3731","0.4676","0.4676","0.4676"
"153","","","","0.5722","0.5722","0.5722","0.5329","0.5329","0.5329","","","","","","","","","","","","","0.4135","0.4135","0.4135","0.377","0.377","0.377","0.4722","0.4722","0.4722"
"154","","","","0.5452","0.5452","0.5452","0.5109","0.5109","0.5109","","","","","","","","","","","","","0.4128","0.4128","0.4128","0.3768","0.3768","0.3768","0.4699","0.4699","0.4699"
"155","","","","0.5488","0.5488","0.5488","0.5128","0.5128","0.5128","","","","","","","","","","","","","0.4113","0.4113","0.4113","0.3767","0.3767","0.3767","0.4697","0.4697","0.4697"
"156","","","","0.581","0.581","0.581","0.5412","0.5412","0.5412","","","","","","","","","","","","","0.4117","0.4117","0.4117","0.375","0.375","0.375","0.4679","0.4679","0.4679"
"157","","","","0.5769","0.5769","0.5769","0.5366","0.5366","0.5366","","","","","","","","","","","","","0.4077","0.4077","0.4077","0.3729","0.3729","0.3729","0.4651","0.4651","0.4651"
"158","","","","0.5641","0.5641","0.5641","0.5267","0.5267","0.5267","","","","","","","","","","","","","0.4142","0.4142","0.4142","0.3776","0.3776","0.3776","0.4711","0.4711","0.4711"
"159","","","","0.5621","0.5621","0.5621","0.5274","0.5274","0.5274","","","","","","","","","","","","","0.4076","0.4076","0.4076","0.3714","0.3714","0.3714","0.4653","0.4653","0.4653"
"160","","","","0.5586","0.5586","0.5586","0.519","0.519","0.519","","","","","","","","","","","","","0.4061","0.4061","0.4061","0.3706","0.3706","0.3706","0.4619","0.4619","0.4619"
"161","","","","0.5629","0.5629","0.5629","0.5263","0.5263","0.5263","","","","","","","","","","","","","0.4075","0.4075","0.4075","0.3706","0.3706","0.3706","0.4636","0.4636","0.4636"
"162","","","","0.5664","0.5664","0.5664","0.5312","0.5312","0.5312","","","","","","","","","","","","","0.4062","0.4062","0.4062","0.3698","0.3698","0.3698","0.4637","0.4637","0.4637"
"163","","","","0.5697","0.5697","0.5697","0.5351","0.5351","0.5351","","","","","","","","","","","","","0.4038","0.4038","0.4038","0.3679","0.3679","0.3679","0.459","0.459","0.459"
"164","","","","0.5654","0.5654","0.5654","0.5262","0.5262","0.5262","","","","","","","","","","","","","0.4099","0.4099","0.4099","0.3741","0.3741","0.3741","0.4673","0.4673","0.4673"
"165","","","","0.5405","0.5405","0.5405","0.5064","0.5064","0.5064","","","","","","","","","","","","","0.4118","0.4118","0.4118","0.376","0.376","0.376","0.4672","0.4672","0.4672"
"166","","","","0.5584","0.5584","0.5584","0.5216","0.5216","0.5216","","","","","","","","","","","","","0.4103","0.4103","0.4103","0.3733","0.3733","0.3733","0.4651","0.4651","0.4651"
"167","","","","0.5548","0.5548","0.5548","0.5175","0.5175","0.5175","","","","","","","","","","","","","0.4075","0.4075","0.4075","0.3721","0.3721","0.3721","0.4656","0.4656","0.4656"
"168","","","","0.5387","0.5387","0.5387","0.5038","0.5038","0.5038","","","","","","","","","","","","","0.4076","0.4076","0.4076","0.3713","0.3713","0.3713","0.4649","0.4649","0.4649"
"169","","","","0.56","0.56","0.56","0.523","0.523","0.523","","","","","","","","","","","","","0.4029","0.4029","0.4029","0.3691","0.3691","0.3691","0.4556","0.4556","0.4556"
"170","","","","0.5496","0.5496","0.5496","0.5146","0.5146","0.5146","","","","","","","","","","","","","0.4093","0.4093","0.4093","0.3729","0.3729","0.3729","0.4649","0.4649","0.4649"
"171","","","","0.5434","0.5434","0.5434","0.5089","0.5089","0.5089","","","","","","","","","","","","","0.4123","0.4123","0.4123","0.3753","0.3753","0.3753","0.4702","0.4702","0.4702"
"172","","","","0.5408","0.5408","0.5408","0.5066","0.5066","0.5066","","","","","","","","","","","","","0.4076","0.4076","0.4076","0.3715","0.3715","0.3715","0.4615","0.4615","0.4615"
"173","","","","0.5431","0.5431","0.5431","0.51","0.51","0.51","","","","","","","","","","","","","0.4123","0.4123","0.4123","0.3769","0.3769","0.3769","0.4699","0.4699","0.4699"
"174","","","","0.5599","0.5599","0.5599","0.5273","0.5273","0.5273","","","","","","","","","","","","","0.399","0.399","0.399","0.3658","0.3658","0.3658","0.4511","0.4511","0.4511"
"175","","","","0.5697","0.5697","0.5697","0.5357","0.5357","0.5357","","","","","","","","","","","","","0.4035","0.4035","0.4035","0.3695","0.3695","0.3695","0.4583","0.4583","0.4583"
"176","","","","0.5265","0.5265","0.5265","0.4951","0.4951","0.4951","","","","","","","","","","","","","0.4071","0.4071","0.4071","0.3728","0.3728","0.3728","0.4619","0.4619","0.4619"
"177","","","","0.5635","0.5635","0.5635","0.5275","0.5275","0.5275","","","","","","","","","","","","","0.4034","0.4034","0.4034","0.3684","0.3684","0.3684","0.4574","0.4574","0.4574"
"178","","","","0.5513","0.5513","0.5513","0.5191","0.5191","0.5191","","","","","","","","","","","","","0.403","0.403","0.403","0.3684","0.3684","0.3684","0.4588","0.4588","0.4588"
"179","","","","0.5617","0.5617","0.5617","0.5282","0.5282","0.5282","","","","","","","","","","","","","0.4031","0.4031","0.4031","0.3666","0.3666","0.3666","0.458","0.458","0.458"
"180","","","","0.5476","0.5476","0.5476","0.5159","0.5159","0.5159","","","","","","","","","","","","","0.4105","0.4105","0.4105","0.3736","0.3736","0.3736","0.4676","0.4676","0.4676"
"181","","","","0.5524","0.5524","0.5524","0.52","0.52","0.52","","","","","","","","","","","","","0.4051","0.4051","0.4051","0.3697","0.3697","0.3697","0.4582","0.4582","0.4582"
"182","","","","0.5479","0.5479","0.5479","0.5184","0.5184","0.5184","","","","","","","","","","","","","0.4075","0.4075","0.4075","0.3733","0.3733","0.3733","0.4636","0.4636","0.4636"
"183","","","","0.539","0.539","0.539","0.5065","0.5065","0.5065","","","","","","","","","","","","","0.3995","0.3995","0.3995","0.3658","0.3658","0.3658","0.4533","0.4533","0.4533"
"184","","","","0.5499","0.5499","0.5499","0.5173","0.5173","0.5173","","","","","","","","","","","","","0.4025","0.4025","0.4025","0.3668","0.3668","0.3668","0.4566","0.4566","0.4566"
"185","","","","0.5441","0.5441","0.5441","0.5113","0.5113","0.5113","","","","","","","","","","","","","0.4047","0.4047","0.4047","0.3683","0.3683","0.3683","0.4605","0.4605","0.4605"
"186","","","","0.5111","0.5111","0.5111","0.4818","0.4818","0.4818","","","","","","","","","","","","","0.4058","0.4058","0.4058","0.3703","0.3703","0.3703","0.461","0.461","0.461"
"187","","","","0.5372","0.5372","0.5372","0.5077","0.5077","0.5077","","","","","","","","","","","","","0.4032","0.4032","0.4032","0.3671","0.3671","0.3671","0.4568","0.4568","0.4568"
"188","","","","0.5334","0.5334","0.5334","0.5008","0.5008","0.5008","","","","","","","","","","","","","0.3937","0.3937","0.3937","0.3565","0.3565","0.3565","0.4497","0.4497","0.4497"
"189","","","","0.5248","0.5248","0.5248","0.4922","0.4922","0.4922","","","","","","","","","","","","","0.3952","0.3952","0.3952","0.3589","0.3589","0.3589","0.4508","0.4508","0.4508"
"190","","","","0.5543","0.5543","0.5543","0.5213","0.5213","0.5213","","","","","","","","","","","","","0.3938","0.3938","0.3938","0.3565","0.3565","0.3565","0.449","0.449","0.449"
"191","","","","0.5276","0.5276","0.5276","0.4958","0.4958","0.4958","","","","","","","","","","","","","0.3932","0.3932","0.3932","0.3562","0.3562","0.3562","0.4496","0.4496","0.4496"
"192","","","","0.5455","0.5455","0.5455","0.5145","0.5145","0.5145","","","","","","","","","","","","","0.3948","0.3948","0.3948","0.3589","0.3589","0.3589","0.4518","0.4518","0.4518"
"193","","","","0.5205","0.5205","0.5205","0.4911","0.4911","0.4911","","","","","","","","","","","","","0.3953","0.3953","0.3953","0.3597","0.3597","0.3597","0.4495","0.4495","0.4495"
"194","","","","0.543","0.543","0.543","0.5127","0.5127","0.5127","","","","","","","","","","","","","0.3999","0.3999","0.3999","0.3616","0.3616","0.3616","0.4556","0.4556","0.4556"
"195","","","","0.5387","0.5387","0.5387","0.5093","0.5093","0.5093","","","","","","","","","","","","","0.3922","0.3922","0.3922","0.3565","0.3565","0.3565","0.4479","0.4479","0.4479"
"196","","","","0.5427","0.5427","0.5427","0.5143","0.5143","0.5143","","","","","","","","","","","","","0.387","0.387","0.387","0.3514","0.3514","0.3514","0.4402","0.4402","0.4402"
"197","","","","0.5267","0.5267","0.5267","0.4993","0.4993","0.4993","","","","","","","","","","","","","0.3933","0.3933","0.3933","0.3585","0.3585","0.3585","0.4495","0.4495","0.4495"
"198","","","","0.5489","0.5489","0.5489","0.5162","0.5162","0.5162","","","","","","","","","","","","","0.3933","0.3933","0.3933","0.355","0.355","0.355","0.4492","0.4492","0.4492"
"199","","","","0.5176","0.5176","0.5176","0.4884","0.4884","0.4884","","","","","","","","","","","","","0.3925","0.3925","0.3925","0.357","0.357","0.357","0.4488","0.4488","0.4488"
"200","","","","0.5182","0.5182","0.5182","0.4886","0.4886","0.4886","","","","","","","","","","","","","0.3911","0.3911","0.3911","0.3559","0.3559","0.3559","0.4449","0.4449","0.4449"
"201","","","","0.5315","0.5315","0.5315","0.4992","0.4992","0.4992","","","","","","","","","","","","","0.3872","0.3872","0.3872","0.3516","0.3516","0.3516","0.4401","0.4401","0.4401"
"202","","","","0.521","0.521","0.521","0.4908","0.4908","0.4908","","","","","","","","","","","","","0.3903","0.3903","0.3903","0.355","0.355","0.355","0.4452","0.4452","0.4452"
"203","","","","0.5531","0.5531","0.5531","0.5192","0.5192","0.5192","","","","","","","","","","","","","0.3857","0.3857","0.3857","0.3502","0.3502","0.3502","0.4388","0.4388","0.4388"
"204","","","","0.5231","0.5231","0.5231","0.4907","0.4907","0.4907","","","","","","","","","","","","","0.3882","0.3882","0.3882","0.3509","0.3509","0.3509","0.4405","0.4405","0.4405"
"205","","","","0.5354","0.5354","0.5354","0.5041","0.5041","0.5041","","","","","","","","","","","","","0.3963","0.3963","0.3963","0.3596","0.3596","0.3596","0.4512","0.4512","0.4512"
"206","","","","0.5343","0.5343","0.5343","0.5017","0.5017","0.5017","","","","","","","","","","","","","0.3823","0.3823","0.3823","0.3485","0.3485","0.3485","0.4357","0.4357","0.4357"
"207","","","","0.5389","0.5389","0.5389","0.5093","0.5093","0.5093","","","","","","","","","","","","","0.3902","0.3902","0.3902","0.3551","0.3551","0.3551","0.4456","0.4456","0.4456"
"208","","","","0.5113","0.5113","0.5113","0.4801","0.4801","0.4801","","","","","","","","","","","","","0.3955","0.3955","0.3955","0.3589","0.3589","0.3589","0.4501","0.4501","0.4501"
"209","","","","0.5193","0.5193","0.5193","0.4888","0.4888","0.4888","","","","","","","","","","","","","0.3896","0.3896","0.3896","0.3527","0.3527","0.3527","0.4443","0.4443","0.4443"
"210","","","","0.5281","0.5281","0.5281","0.4976","0.4976","0.4976","","","","","","","","","","","","","0.3922","0.3922","0.3922","0.3553","0.3553","0.3553","0.4447","0.4447","0.4447"
"211","","","","0.5208","0.5208","0.5208","0.4921","0.4921","0.4921","","","","","","","","","","","","","0.3853","0.3853","0.3853","0.3503","0.3503","0.3503","0.4393","0.4393","0.4393"
"212","","","","0.5345","0.5345","0.5345","0.5028","0.5028","0.5028","","","","","","","","","","","","","0.3889","0.3889","0.3889","0.3532","0.3532","0.3532","0.4431","0.4431","0.4431"
"213","","","","0.5161","0.5161","0.5161","0.4896","0.4896","0.4896","","","","","","","","","","","","","0.3939","0.3939","0.3939","0.3564","0.3564","0.3564","0.449","0.449","0.449"
"214","","","","0.514","0.514","0.514","0.4848","0.4848","0.4848","","","","","","","","","","","","","0.3909","0.3909","0.3909","0.3545","0.3545","0.3545","0.446","0.446","0.446"
"215","","","","0.5138","0.5138","0.5138","0.484","0.484","0.484","","","","","","","","","","","","","0.3904","0.3904","0.3904","0.3534","0.3534","0.3534","0.446","0.446","0.446"
"216","","","","0.513","0.513","0.513","0.4812","0.4812","0.4812","","","","","","","","","","","","","0.3895","0.3895","0.3895","0.3544","0.3544","0.3544","0.4439","0.4439","0.4439"
"217","","","","0.5344","0.5344","0.5344","0.507","0.507","0.507","","","","","","","","","","","","","0.3877","0.3877","0.3877","0.353","0.353","0.353","0.4414","0.4414","0.4414"
"218","","","","0.5074","0.5074","0.5074","0.4811","0.4811","0.4811","","","","","","","","","","","","","0.3982","0.3982","0.3982","0.3613","0.3613","0.3613","0.4518","0.4518","0.4518"
"219","","","","0.5111","0.5111","0.5111","0.4826","0.4826","0.4826","","","","","","","","","","","","","0.3917","0.3917","0.3917","0.3567","0.3567","0.3567","0.4444","0.4444","0.4444"
"220","","","","0.4915","0.4915","0.4915","0.4653","0.4653","0.4653","","","","","","","","","","","","","0.3903","0.3903","0.3903","0.3545","0.3545","0.3545","0.4456","0.4456","0.4456"
"221","","","","0.5049","0.5049","0.5049","0.4784","0.4784","0.4784","","","","","","","","","","","","","0.3886","0.3886","0.3886","0.3532","0.3532","0.3532","0.4419","0.4419","0.4419"
"222","","","","0.5237","0.5237","0.5237","0.496","0.496","0.496","","","","","","","","","","","","","0.3836","0.3836","0.3836","0.3496","0.3496","0.3496","0.4365","0.4365","0.4365"
"223","","","","0.5346","0.5346","0.5346","0.5049","0.5049","0.5049","","","","","","","","","","","","","0.3864","0.3864","0.3864","0.35","0.35","0.35","0.4423","0.4423","0.4423"
"224","","","","0.5084","0.5084","0.5084","0.4805","0.4805","0.4805","","","","","","","","","","","","","0.3849","0.3849","0.3849","0.3494","0.3494","0.3494","0.4381","0.4381","0.4381"
"225","","","","0.5316","0.5316","0.5316","0.5025","0.5025","0.5025","","","","","","","","","","","","","0.3862","0.3862","0.3862","0.3504","0.3504","0.3504","0.4416","0.4416","0.4416"
"226","","","","0.5077","0.5077","0.5077","0.4813","0.4813","0.4813","","","","","","","","","","","","","0.3808","0.3808","0.3808","0.3467","0.3467","0.3467","0.4345","0.4345","0.4345"
"227","","","","0.5135","0.5135","0.5135","0.4842","0.4842","0.4842","","","","","","","","","","","","","0.395","0.395","0.395","0.3584","0.3584","0.3584","0.4512","0.4512","0.4512"
"228","","","","0.5427","0.5427","0.5427","0.5153","0.5153","0.5153","","","","","","","","","","","","","0.3945","0.3945","0.3945","0.3564","0.3564","0.3564","0.4478","0.4478","0.4478"
"229","","","","0.496","0.496","0.496","0.4703","0.4703","0.4703","","","","","","","","","","","","","0.3921","0.3921","0.3921","0.3556","0.3556","0.3556","0.4479","0.4479","0.4479"
"230","","","","0.5321","0.5321","0.5321","0.5043","0.5043","0.5043","","","","","","","","","","","","","0.3946","0.3946","0.3946","0.3579","0.3579","0.3579","0.4515","0.4515","0.4515"
"231","","","","0.5112","0.5112","0.5112","0.4851","0.4851","0.4851","","","","","","","","","","","","","0.394","0.394","0.394","0.3564","0.3564","0.3564","0.4469","0.4469","0.4469"
"232","","","","0.5147","0.5147","0.5147","0.4845","0.4845","0.4845","","","","","","","","","","","","","0.3909","0.3909","0.3909","0.3542","0.3542","0.3542","0.4454","0.4454","0.4454"
"233","","","","0.5054","0.5054","0.5054","0.4774","0.4774","0.4774","","","","","","","","","","","","","0.3873","0.3873","0.3873","0.3518","0.3518","0.3518","0.4405","0.4405","0.4405"
"234","","","","0.5098","0.5098","0.5098","0.4839","0.4839","0.4839","","","","","","","","","","","","","","","","","","","","",""
"235","","","","0.5081","0.5081","0.5081","0.4815","0.4815","0.4815","","","","","","","","","","","","","","","","","","","","",""
"236","","","","0.5078","0.5078","0.5078","0.4812","0.4812","0.4812","","","","","","","","","","","","","","","","","","","","",""
"237","","","","0.5109","0.5109","0.5109","0.4859","0.4859","0.4859","","","","","","","","","","","","","","","","","","","","",""
"238","","","","0.4934","0.4934","0.4934","0.4669","0.4669","0.4669","","","","","","","","","","","","","","","","","","","","",""
"239","","","","0.5176","0.5176","0.5176","0.4922","0.4922","0.4922","","","","","","","","","","","","","","","","","","","","",""
"240","","","","0.5292","0.5292","0.5292","0.4997","0.4997","0.4997","","","","","","","","","","","","","","","","","","","","",""
"241","","","","0.5132","0.5132","0.5132","0.4878","0.4878","0.4878","","","","","","","","","","","","","","","","","","","","",""
"242","","","","0.515","0.515","0.515","0.4882","0.4882","0.4882","","","","","","","","","","","","","","","","","","","","",""
"243","","","","0.5254","0.5254","0.5254","0.4977","0.4977","0.4977","","","","","","","","","","","","","","","","","","","","",""
"244","","","","0.4991","0.4991","0.4991","0.4722","0.4722","0.4722","","","","","","","","","","","","","","","","","","","","",""
"245","","","","0.5122","0.5122","0.5122","0.4866","0.4866","0.4866","","","","","","","","","","","","","","","","","","","","",""
"246","","","","0.5193","0.5193","0.5193","0.4896","0.4896","0.4896","","","","","","","","","","","","","","","","","","","","",""
"247","","","","0.5001","0.5001","0.5001","0.4787","0.4787","0.4787","","","","","","","","","","","","","","","","","","","","",""
"248","","","","0.5121","0.5121","0.5121","0.4858","0.4858","0.4858","","","","","","","","","","","","","","","","","","","","",""
"249","","","","0.484","0.484","0.484","0.4588","0.4588","0.4588","","","","","","","","","","","","","","","","","","","","",""
"250","","","","0.5114","0.5114","0.5114","0.4831","0.4831","0.4831","","","","","","","","","","","","","","","","","","","","",""
"251","","","","0.5161","0.5161","0.5161","0.4914","0.4914","0.4914","","","","","","","","","","","","","","","","","","","","",""
"252","","","","0.5042","0.5042","0.5042","0.48","0.48","0.48","","","","","","","","","","","","","","","","","","","","",""
"253","","","","0.4984","0.4984","0.4984","0.4716","0.4716","0.4716","","","","","","","","","","","","","","","","","","","","",""
"254","","","","0.4983","0.4983","0.4983","0.4712","0.4712","0.4712","","","","","","","","","","","","","","","","","","","","",""
"255","","","","0.5163","0.5163","0.5163","0.487","0.487","0.487","","","","","","","","","","","","","","","","","","","","",""
"256","","","","0.4913","0.4913","0.4913","0.4657","0.4657","0.4657","","","","","","","","","","","","","","","","","","","","",""
"257","","","","0.5122","0.5122","0.5122","0.487","0.487","0.487","","","","","","","","","","","","","","","","","","","","",""
"258","","","","0.5088","0.5088","0.5088","0.4824","0.4824","0.4824","","","","","","","","","","","","","","","","","","","","",""
"259","","","","0.5045","0.5045","0.5045","0.4752","0.4752","0.4752","","","","","","","","","","","","","","","","","","","","",""
"260","","","","0.5036","0.5036","0.5036","0.4758","0.4758","0.4758","","","","","","","","","","","","","","","","","","","","",""
"261","","","","0.5193","0.5193","0.5193","0.4932","0.4932","0.4932","","","","","","","","","","","","","","","","","","","","",""
"262","","","","0.5147","0.5147","0.5147","0.4873","0.4873","0.4873","","","","","","","","","","","","","","","","","","","","",""
"263","","","","0.5042","0.5042","0.5042","0.4788","0.4788","0.4788","","","","","","","","","","","","","","","","","","","","",""
"264","","","","0.4878","0.4878","0.4878","0.463","0.463","0.463","","","","","","","","","","","","","","","","","","","","",""
"265","","","","0.5224","0.5224","0.5224","0.498","0.498","0.498","","","","","","","","","","","","","","","","","","","","",""
"266","","","","0.5011","0.5011","0.5011","0.4752","0.4752","0.4752","","","","","","","","","","","","","","","","","","","","",""
"267","","","","0.5087","0.5087","0.5087","0.4818","0.4818","0.4818","","","","","","","","","","","","","","","","","","","","",""
"268","","","","0.5186","0.5186","0.5186","0.4926","0.4926","0.4926","","","","","","","","","","","","","","","","","","","","",""
"269","","","","0.5016","0.5016","0.5016","0.4764","0.4764","0.4764","","","","","","","","","","","","","","","","","","","","",""
"270","","","","0.501","0.501","0.501","0.4778","0.4778","0.4778","","","","","","","","","","","","","","","","","","","","",""
"271","","","","0.4901","0.4901","0.4901","0.4689","0.4689","0.4689","","","","","","","","","","","","","","","","","","","","",""
"272","","","","0.4919","0.4919","0.4919","0.4685","0.4685","0.4685","","","","","","","","","","","","","","","","","","","","",""
"273","","","","0.514","0.514","0.514","0.4884","0.4884","0.4884","","","","","","","","","","","","","","","","","","","","",""
"274","","","","0.5205","0.5205","0.5205","0.496","0.496","0.496","","","","","","","","","","","","","","","","","","","","",""
"275","","","","0.4965","0.4965","0.4965","0.4712","0.4712","0.4712","","","","","","","","","","","","","","","","","","","","",""
"276","","","","0.49","0.49","0.49","0.4675","0.4675","0.4675","","","","","","","","","","","","","","","","","","","","",""
"277","","","","0.5021","0.5021","0.5021","0.4778","0.4778","0.4778","","","","","","","","","","","","","","","","","","","","",""
"278","","","","0.4977","0.4977","0.4977","0.4742","0.4742","0.4742","","","","","","","","","","","","","","","","","","","","",""
"279","","","","0.5153","0.5153","0.5153","0.4889","0.4889","0.4889","","","","","","","","","","","","","","","","","","","","",""
"280","","","","0.5096","0.5096","0.5096","0.4838","0.4838","0.4838","","","","","","","","","","","","","","","","","","","","",""
"281","","","","0.4785","0.4785","0.4785","0.4562","0.4562","0.4562","","","","","","","","","","","","","","","","","","","","",""
"282","","","","0.5014","0.5014","0.5014","0.4755","0.4755","0.4755","","","","","","","","","","","","","","","","","","","","",""
"283","","","","0.4877","0.4877","0.4877","0.4614","0.4614","0.4614","","","","","","","","","","","","","","","","","","","","",""
"284","","","","0.5088","0.5088","0.5088","0.4825","0.4825","0.4825","","","","","","","","","","","","","","","","","","","","",""
"285","","","","0.482","0.482","0.482","0.4585","0.4585","0.4585","","","","","","","","","","","","","","","","","","","","",""
"286","","","","0.5263","0.5263","0.5263","0.5015","0.5015","0.5015","","","","","","","","","","","","","","","","","","","","",""
"287","","","","0.4992","0.4992","0.4992","0.4752","0.4752","0.4752","","","","","","","","","","","","","","","","","","","","",""
"288","","","","0.5083","0.5083","0.5083","0.4828","0.4828","0.4828","","","","","","","","","","","","","","","","","","","","",""
"289","","","","0.4966","0.4966","0.4966","0.4768","0.4768","0.4768","","","","","","","","","","","","","","","","","","","","",""
"290","","","","0.5196","0.5196","0.5196","0.4965","0.4965","0.4965","","","","","","","","","","","","","","","","","","","","",""
"291","","","","0.4604","0.4604","0.4604","0.4397","0.4397","0.4397","","","","","","","","","","","","","","","","","","","","",""
"292","","","","0.4834","0.4834","0.4834","0.4628","0.4628","0.4628","","","","","","","","","","","","","","","","","","","","",""
"293","","","","0.4966","0.4966","0.4966","0.4699","0.4699","0.4699","","","","","","","","","","","","","","","","","","","","",""
"294","","","","0.4903","0.4903","0.4903","0.4673","0.4673","0.4673","","","","","","","","","","","","","","","","","","","","",""
"295","","","","0.5019","0.5019","0.5019","0.4787","0.4787","0.4787","","","","","","","","","","","","","","","","","","","","",""
"296","","","","0.4836","0.4836","0.4836","0.4609","0.4609","0.4609","","","","","","","","","","","","","","","","","","","","",""
"297","","","","0.4935","0.4935","0.4935","0.4698","0.4698","0.4698","","","","","","","","","","","","","","","","","","","","",""
"298","","","","0.4937","0.4937","0.4937","0.4699","0.4699","0.4699","","","","","","","","","","","","","","","","","","","","",""
"299","","","","0.476","0.476","0.476","0.453","0.453","0.453","","","","","","","","","","","","","","","","","","","","",""
"300","","","","0.4939","0.4939","0.4939","0.4712","0.4712","0.4712","","","","","","","","","","","","","","","","","","","","",""
"301","","","","0.4969","0.4969","0.4969","0.4733","0.4733","0.4733","","","","","","","","","","","","","","","","","","","","",""
"302","","","","0.5027","0.5027","0.5027","0.4786","0.4786","0.4786","","","","","","","","","","","","","","","","","","","","",""
"303","","","","0.4833","0.4833","0.4833","0.4598","0.4598","0.4598","","","","","","","","","","","","","","","","","","","","",""
"304","","","","0.5134","0.5134","0.5134","0.4914","0.4914","0.4914","","","","","","","","","","","","","","","","","","","","",""
"305","","","","0.5113","0.5113","0.5113","0.4856","0.4856","0.4856","","","","","","","","","","","","","","","","","","","","",""
"306","","","","0.5059","0.5059","0.5059","0.4813","0.4813","0.4813","","","","","","","","","","","","","","","","","","","","",""
"307","","","","0.4974","0.4974","0.4974","0.4729","0.4729","0.4729","","","","","","","","","","","","","","","","","","","","",""
"308","","","","0.4772","0.4772","0.4772","0.4544","0.4544","0.4544","","","","","","","","","","","","","","","","","","","","",""
"309","","","","0.4822","0.4822","0.4822","0.4608","0.4608","0.4608","","","","","","","","","","","","","","","","","","","","",""
"310","","","","0.4949","0.4949","0.4949","0.4696","0.4696","0.4696","","","","","","","","","","","","","","","","","","","","",""
"311","","","","0.4861","0.4861","0.4861","0.4598","0.4598","0.4598","","","","","","","","","","","","","","","","","","","","",""
"312","","","","0.5042","0.5042","0.5042","0.4796","0.4796","0.4796","","","","","","","","","","","","","","","","","","","","",""
"313","","","","0.4541","0.4541","0.4541","0.4337","0.4337","0.4337","","","","","","","","","","","","","","","","","","","","",""
"314","","","","0.4886","0.4886","0.4886","0.4655","0.4655","0.4655","","","","","","","","","","","","","","","","","","","","",""
"315","","","","0.4904","0.4904","0.4904","0.4655","0.4655","0.4655","","","","","","","","","","","","","","","","","","","","",""
"316","","","","0.4732","0.4732","0.4732","0.4518","0.4518","0.4518","","","","","","","","","","","","","","","","","","","","",""
"317","","","","0.491","0.491","0.491","0.4671","0.4671","0.4671","","","","","","","","","","","","","","","","","","","","",""
"318","","","","0.4918","0.4918","0.4918","0.4681","0.4681","0.4681","","","","","","","","","","","","","","","","","","","","",""
"319","","","","0.48","0.48","0.48","0.4569","0.4569","0.4569","","","","","","","","","","","","","","","","","","","","",""
"320","","","","0.5039","0.5039","0.5039","0.4801","0.4801","0.4801","","","","","","","","","","","","","","","","","","","","",""
"321","","","","0.4845","0.4845","0.4845","0.4604","0.4604","0.4604","","","","","","","","","","","","","","","","","","","","",""
"322","","","","0.4653","0.4653","0.4653","0.4432","0.4432","0.4432","","","","","","","","","","","","","","","","","","","","",""
"323","","","","0.4662","0.4662","0.4662","0.4446","0.4446","0.4446","","","","","","","","","","","","","","","","","","","","",""
"324","","","","0.5028","0.5028","0.5028","0.4751","0.4751","0.4751","","","","","","","","","","","","","","","","","","","","",""
"325","","","","0.4991","0.4991","0.4991","0.4757","0.4757","0.4757","","","","","","","","","","","","","","","","","","","","",""
"326","","","","0.487","0.487","0.487","0.463","0.463","0.463","","","","","","","","","","","","","","","","","","","","",""
"327","","","","0.492","0.492","0.492","0.4696","0.4696","0.4696","","","","","","","","","","","","","","","","","","","","",""
"328","","","","0.4961","0.4961","0.4961","0.4707","0.4707","0.4707","","","","","","","","","","","","","","","","","","","","",""
"329","","","","0.4772","0.4772","0.4772","0.4543","0.4543","0.4543","","","","","","","","","","","","","","","","","","","","",""
"330","","","","0.4732","0.4732","0.4732","0.4507","0.4507","0.4507","","","","","","","","","","","","","","","","","","","","",""
"331","","","","0.4818","0.4818","0.4818","0.4597","0.4597","0.4597","","","","","","","","","","","","","","","","","","","","",""
"332","","","","0.49","0.49","0.49","0.4654","0.4654","0.4654","","","","","","","","","","","","","","","","","","","","",""
"333","","","","0.4958","0.4958","0.4958","0.4726","0.4726","0.4726","","","","","","","","","","","","","","","","","","","","",""
"334","","","","0.5024","0.5024","0.5024","0.4778","0.4778","0.4778","","","","","","","","","","","","","","","","","","","","",""
"335","","","","0.4789","0.4789","0.4789","0.4573","0.4573","0.4573","","","","","","","","","","","","","","","","","","","","",""
"336","","","","0.4872","0.4872","0.4872","0.4637","0.4637","0.4637","","","","","","","","","","","","","","","","","","","","",""
"337","","","","0.4731","0.4731","0.4731","0.4484","0.4484","0.4484","","","","","","","","","","","","","","","","","","","","",""
"338","","","","0.5041","0.5041","0.5041","0.4812","0.4812","0.4812","","","","","","","","","","","","","","","","","","","","",""
"339","","","","0.4941","0.4941","0.4941","0.4701","0.4701","0.4701","","","","","","","","","","","","","","","","","","","","",""
"340","","","","0.4815","0.4815","0.4815","0.458","0.458","0.458","","","","","","","","","","","","","","","","","","","","",""
"341","","","","0.4723","0.4723","0.4723","0.4494","0.4494","0.4494","","","","","","","","","","","","","","","","","","","","",""
"342","","","","0.4794","0.4794","0.4794","0.4551","0.4551","0.4551","","","","","","","","","","","","","","","","","","","","",""
"343","","","","0.4859","0.4859","0.4859","0.4626","0.4626","0.4626","","","","","","","","","","","","","","","","","","","","",""
"344","","","","0.4971","0.4971","0.4971","0.4718","0.4718","0.4718","","","","","","","","","","","","","","","","","","","","",""
"345","","","","0.4706","0.4706","0.4706","0.4477","0.4477","0.4477","","","","","","","","","","","","","","","","","","","","",""
"346","","","","0.5105","0.5105","0.5105","0.4872","0.4872","0.4872","","","","","","","","","","","","","","","","","","","","",""
"347","","","","0.482","0.482","0.482","0.4585","0.4585","0.4585","","","","","","","","","","","","","","","","","","","","",""
"348","","","","0.4992","0.4992","0.4992","0.4765","0.4765","0.4765","","","","","","","","","","","","","","","","","","","","",""
"349","","","","0.487","0.487","0.487","0.4638","0.4638","0.4638","","","","","","","","","","","","","","","","","","","","",""
"350","","","","0.4718","0.4718","0.4718","0.4496","0.4496","0.4496","","","","","","","","","","","","","","","","","","","","",""
"351","","","","0.4916","0.4916","0.4916","0.4692","0.4692","0.4692","","","","","","","","","","","","","","","","","","","","",""
"352","","","","0.4847","0.4847","0.4847","0.4622","0.4622","0.4622","","","","","","","","","","","","","","","","","","","","",""
"353","","","","0.4676","0.4676","0.4676","0.4468","0.4468","0.4468","","","","","","","","","","","","","","","","","","","","",""
"354","","","","0.4835","0.4835","0.4835","0.4597","0.4597","0.4597","","","","","","","","","","","","","","","","","","","","",""
"355","","","","0.4968","0.4968","0.4968","0.4733","0.4733","0.4733","","","","","","","","","","","","","","","","","","","","",""
"356","","","","0.4889","0.4889","0.4889","0.4676","0.4676","0.4676","","","","","","","","","","","","","","","","","","","","",""
"357","","","","0.4843","0.4843","0.4843","0.4618","0.4618","0.4618","","","","","","","","","","","","","","","","","","","","",""
"358","","","","0.4816","0.4816","0.4816","0.4601","0.4601","0.4601","","","","","","","","","","","","","","","","","","","","",""
"359","","","","0.4691","0.4691","0.4691","0.4489","0.4489","0.4489","","","","","","","","","","","","","","","","","","","","",""
"360","","","","0.4837","0.4837","0.4837","0.4622","0.4622","0.4622","","","","","","","","","","","","","","","","","","","","",""
"361","","","","0.4989","0.4989","0.4989","0.4741","0.4741","0.4741","","","","","","","","","","","","","","","","","","","","",""
"362","","","","0.5006","0.5006","0.5006","0.4743","0.4743","0.4743","","","","","","","","","","","","","","","","","","","","",""
"363","","","","0.4835","0.4835","0.4835","0.4607","0.4607","0.4607","","","","","","","","","","","","","","","","","","","","",""
"364","","","","0.4812","0.4812","0.4812","0.4593","0.4593","0.4593","","","","","","","","","","","","","","","","","","","","",""
"365","","","","0.4826","0.4826","0.4826","0.4609","0.4609","0.4609","","","","","","","","","","","","","","","","","","","","",""
"366","","","","0.4784","0.4784","0.4784","0.4544","0.4544","0.4544","","","","","","","","","","","","","","","","","","","","",""
"367","","","","0.4811","0.4811","0.4811","0.4563","0.4563","0.4563","","","","","","","","","","","","","","","","","","","","",""
"368","","","","0.4887","0.4887","0.4887","0.4661","0.4661","0.4661","","","","","","","","","","","","","","","","","","","","",""
"369","","","","0.4854","0.4854","0.4854","0.4615","0.4615","0.4615","","","","","","","","","","","","","","","","","","","","",""
"370","","","","0.4838","0.4838","0.4838","0.4609","0.4609","0.4609","","","","","","","","","","","","","","","","","","","","",""
"371","","","","0.4468","0.4468","0.4468","0.4262","0.4262","0.4262","","","","","","","","","","","","","","","","","","","","",""
"372","","","","0.4813","0.4813","0.4813","0.4591","0.4591","0.4591","","","","","","","","","","","","","","","","","","","","",""
"373","","","","0.4711","0.4711","0.4711","0.4517","0.4517","0.4517","","","","","","","","","","","","","","","","","","","","",""
"374","","","","0.4642","0.4642","0.4642","0.4422","0.4422","0.4422","","","","","","","","","","","","","","","","","","","","",""